{"cameraMode":{"drawMode":0,"name":"Shaded","section":"Shading Mode"},"sceneLighting":false,"audioPlay":false,"sceneViewState":{"m_AlwaysRefresh":false,"showFog":true,"showSkybox":false,"showFlares":true,"showImageEffects":true,"showParticleSystems":true,"showVisualEffectGraphs":true,"m_FxEnabled":true},"in2DMode":false,"pivot":{"x":0.5360000133514404,"y":3.053142786026001,"z":-8.097434043884278},"rotation":{"x":0.003900442272424698,"y":0.9748285412788391,"z":-0.22251112759113313,"w":0.01755645126104355},"size":0.3464100658893585,"orthographic":false}